id_str,created_at,screen_name,text,user_followers,sentiment,funcionality,client_attention,sentiment_code
1536891740665303042,Wed Jun 15 02:01:59 +0000 2022,Sol14492472,@nubecita_in Por la store de Huawei siempre y cuando tenga la app que quiero descargar,"339
",0,1,0,010
1536889492753235968,Wed Jun 15 01:53:03 +0000 2022,Ministerio_TIC,"#Noticia üöÄEl @Ministerio_TIC junto con @HuaweiMobileCo, se unieron para llevar a cabo el programa #SemillasDelFuturo, a trav√©s del cual se premian 20 personas con el mejor desempe√±o dentro del Programa #Misi√≥nTIC2022 https://t.co/8MWMoTsngN","830337
",0,1,0,010
1536883703569424384,Wed Jun 15 01:30:03 +0000 2022,dpl_tech,"#DPLTechReview üåê   @Huawei Matebook E, una 2 en 1 que facilita la vida h√≠brida üíªüî•üòé  Con√≥cela aqu√≠ üëá https://t.co/puz4MFpUKv https://t.co/HIm8oaiu7R","1765
",0,1,0,010
1536879608037097472,Wed Jun 15 01:13:47 +0000 2022,LLeonNunez,"Huawei en RD lanz√≥ varios productos buenos üëç como la matebook o el watch gt 3, pero ni aire del P50 Pro üò≠","250
",0,1,0,010
1541952069145206786,Wed Jun 29 01:09:56 +0000 2022,Revolucion_Web,LG es la compa√±√≠a que suministra los paneles OLED a la serie Mate 30 de¬†Huawei https://t.co/U8QX7kbPMe,"62
",0,1,0,010
1541957354895409154,Wed Jun 29 01:30:56 +0000 2022,faboulos_fab,"Lo peor que me pudo pasar fue el ""pleito"" Google-Huawei. A cada rato se me muere el pinche celular. üò≠","2307
",0,1,0,010
1541958345103482880,Wed Jun 29 01:34:52 +0000 2022,Senkouji_sensei,@EliotReyna Pero para gaming  el codec Aptx LL (Low latency) es absolutamente necesario...  En el Samsung A10 que ten√≠a  pod√≠a jugar tranquilamente los juegos musicales  (Idolm@ster)  en el Huawei que tengo sin esos codecs  tengo que usar el cable para evitar la horrible latencia...,"658
",0,1,0,010
1541959648311402497,Wed Jun 29 01:40:03 +0000 2022,vitonica,Huawei Gt3 Active: el smartwatch con 100 modos de entrenamiento que puedes conseguir rebajad√≠simo en Sprinter https://t.co/nhSBJJgS2L,"59836
",0,1,0,010
1541959736765054977,Wed Jun 29 01:40:24 +0000 2022,karakuri_snm,@natsumiangello yo ca√≠ bajo el encanto de un HUAWEI Mateview GT,"37
",0,1,0,010
1541960139833352192,Wed Jun 29 01:42:00 +0000 2022,TigoHn,¬°Lleg√≥ la diversi√≥n para todos con el MatePad T10 de #Huawei!üöÄ Comienza un viaje visual de diversi√≥n  m√∫sica y aprendizaje donde quieras. Obt√©nla ya con el nuestro plan Postpago Tigo de $30.99 üòÉ ¬°Entra aqu√≠: https://t.co/Ir0HiIRH9G! https://t.co/AwbfQhs3xL,"141397
",0,1,0,010
1541961209032884224,Wed Jun 29 01:46:15 +0000 2022,TigoHn,¬°Lleg√≥ la diversi√≥n para todos con el MatePad T10 de #Huawei!üöÄ Comienza un viaje visual de diversi√≥n  m√∫sica y aprendizaje donde quieras. Obt√©nla ya con el nuestro plan Postpago Tigo de $30.99 üòÉ https://t.co/BikJaIiVRX,"141395
",0,1,0,010
1541962437221650432,Wed Jun 29 01:51:07 +0000 2022,Luciana280300,Bueno iphone no es JAJAJAJAJ puede ser samsung  huawei o xiaomi? :(,"363
",0,1,0,010
1541962649251958784,Wed Jun 29 01:51:58 +0000 2022,i8ipod,UFO local  #p30pro #huawei#flowers #pnw https://t.co/ptMPQKUtS6,"51
",0,1,0,010
1541964802762985472,Wed Jun 29 02:00:31 +0000 2022,BlanQu_ta,@elBot12044597 @HuaweiMobileMx Te dieron alguna repuesta lo de huawei?,"121
",0,1,0,010
1541965285611081728,Wed Jun 29 02:02:27 +0000 2022,Kavitha04778245,Gvcf https://t.co/s67DzZ7z21,"579781
",0,1,0,010
1541965967483441153,Wed Jun 29 02:05:09 +0000 2022,FerOShee,@Mapichamo Es un hasta luego no m√°s de las juergas oks. Pdt. Que tal c√°mara de mi huawei üòÇ,"200
",0,1,0,010
1541968496778543104,Wed Jun 29 02:15:12 +0000 2022,dobledrama,‚ÄúIphini is li mijir mirci di tilifinis‚Äù  El m√≠o se traba en google  EN GOOGLE LPTM  Ya ni mi huawei de 5 mil pesos no la chingues apple,"45
",0,1,0,010
1541969855808581632,Wed Jun 29 02:20:36 +0000 2022,chileocio,Tecnolog√≠a al alcance de todos: estos son los mejores y m√°s econ√≥micos productos de Huawei https://t.co/jQZPTJZ6kC https://t.co/jkwFrlwz7z,"4297
",0,1,0,010
1541970549802270720,Wed Jun 29 02:23:22 +0000 2022,dobledrama,Eh pero las fotos  otro nivel   90% del presupuesto la c√°mara y que se joda el resto,"45
",0,1,0,010
1541972422420615169,Wed Jun 29 02:30:48 +0000 2022,ErickaWalker40,‡πÄ‡∏Ñ‡∏™ ‡∏Å‡∏±‡∏ô‡∏Å‡∏£‡∏∞‡πÅ‡∏ó‡∏Å ‡πÉ‡∏™ Huawei Nova9 SE Nova8i Y9S Y6S P30Pro P30 Lite Nova3i Y9 Y5 Y7Pro Y9Prime 2019 2018 Nova 5T 9 4 8i [7Q9EH7B]  https://t.co/2fRAEJOiyY,"2
",0,1,0,010
1541973562839470080,Wed Jun 29 02:35:20 +0000 2022,interlomasocial,$$$ En VENTA $$$ HUAWEI MATE 30 PRO Info por MD #Huawei AGRADECER√â SUS RT'S https://t.co/qAbLv9s3AH,"3120
",0,1,0,010
1541973739428089856,Wed Jun 29 02:36:02 +0000 2022,madd98928208,@convoynetwork Por favor subir app para usuarios huawei que no tenemos app store,"0
",0,1,0,010
1541974567987675136,Wed Jun 29 02:39:20 +0000 2022,ultraman301,@luisevivanco Con el cl√°sico meme bro!!! Ya valieron huawei,"165
",0,1,0,010
1541974761558880257,Wed Jun 29 02:40:06 +0000 2022,ErickaWalker40,‡∏ü‡∏¥‡∏•‡πå‡∏°‡∏Å‡∏£‡∏∞‡∏à‡∏Å Huawei ‡πÄ‡∏ï‡πá‡∏°‡∏à‡∏≠ Nova4 5T 7 7i 7 SE P30 Lite Nova4e P40 Y5 Y5p Y6p Y6s Y7a Y7 Pro Y7p Y8p Y9 Y9s 9D [RSQVE5E]  https://t.co/SyW1c6wL3E,"2
",0,1,0,010
1541975217333223424,Wed Jun 29 02:41:54 +0000 2022,PQRBICAMPEON,@aj51lvia ü§£  Casi no se amigo pero los AirPods o los huawei son muy buenos la vrd,"286
",0,1,0,010
